{
  "hash": "76143e92",
  "configHash": "f149601d",
  "lockfileHash": "2f1d3a64",
  "browserHash": "a13e1922",
  "optimized": {
    "@angular/common": {
      "src": "../../../../../node_modules/@angular/common/fesm2022/common.mjs",
      "file": "@angular_common.js",
      "fileHash": "fd355a9f",
      "needsInterop": false
    },
    "@angular/core": {
      "src": "../../../../../node_modules/@angular/core/fesm2022/core.mjs",
      "file": "@angular_core.js",
      "fileHash": "85807a0c",
      "needsInterop": false
    },
    "@angular/fire/app": {
      "src": "../../../../../node_modules/@angular/fire/fesm2022/angular-fire-app.mjs",
      "file": "@angular_fire_app.js",
      "fileHash": "0f9a86ab",
      "needsInterop": false
    },
    "@angular/fire/auth": {
      "src": "../../../../../node_modules/@angular/fire/fesm2022/angular-fire-auth.mjs",
      "file": "@angular_fire_auth.js",
      "fileHash": "e4986f49",
      "needsInterop": false
    },
    "@angular/fire/database": {
      "src": "../../../../../node_modules/@angular/fire/fesm2022/angular-fire-database.mjs",
      "file": "@angular_fire_database.js",
      "fileHash": "817eb85b",
      "needsInterop": false
    },
    "@angular/fire/storage": {
      "src": "../../../../../node_modules/@angular/fire/fesm2022/angular-fire-storage.mjs",
      "file": "@angular_fire_storage.js",
      "fileHash": "a7e5c5b2",
      "needsInterop": false
    },
    "@angular/forms": {
      "src": "../../../../../node_modules/@angular/forms/fesm2022/forms.mjs",
      "file": "@angular_forms.js",
      "fileHash": "454d5170",
      "needsInterop": false
    },
    "@angular/platform-browser": {
      "src": "../../../../../node_modules/@angular/platform-browser/fesm2022/platform-browser.mjs",
      "file": "@angular_platform-browser.js",
      "fileHash": "159afc5d",
      "needsInterop": false
    },
    "@angular/router": {
      "src": "../../../../../node_modules/@angular/router/fesm2022/router.mjs",
      "file": "@angular_router.js",
      "fileHash": "e0b672e4",
      "needsInterop": false
    },
    "rxjs": {
      "src": "../../../../../node_modules/rxjs/dist/esm5/index.js",
      "file": "rxjs.js",
      "fileHash": "a279f11c",
      "needsInterop": false
    }
  },
  "chunks": {
    "chunk-ERA7KXOY": {
      "file": "chunk-ERA7KXOY.js"
    },
    "chunk-GR2PHBQD": {
      "file": "chunk-GR2PHBQD.js"
    },
    "chunk-GCBN4FFR": {
      "file": "chunk-GCBN4FFR.js"
    },
    "chunk-LK4SK4I6": {
      "file": "chunk-LK4SK4I6.js"
    },
    "chunk-K2AKHZ2F": {
      "file": "chunk-K2AKHZ2F.js"
    },
    "chunk-S3BZ6AMJ": {
      "file": "chunk-S3BZ6AMJ.js"
    }
  }
}