[{"id":"p2","title":"Sahara Desert Dunes","image":{"src":"desert-dunes.jpg","alt":"Golden dunes stretching to the horizon in the Sahara Desert."},"lat":25,"lon":0},{"id":"p18","title":"Amazon River","image":{"src":"amazon-river.jpg","alt":"Navigating the waters of the Amazon River, surrounded by dense rainforest."},"lat":-3.4653,"lon":-58.38},{"id":"p17","title":"Machu Picchu","image":{"src":"machu-picchu.jpg","alt":"The historic Incan citadel of Machu Picchu illuminated by the morning sun."},"lat":-13.1631,"lon":-72.545},{"id":"p13","title":"Taj Mahal","image":{"src":"taj-mahal.jpg","alt":"The iconic Taj Mahal reflecting in its surrounding waters during sunrise."},"lat":27.1751,"lon":78.0421},{"id":"p14","title":"Kerala Backwaters","image":{"src":"kerala-backwaters.jpg","alt":"Tranquil waters and lush greenery of the Kerala backwaters."},"lat":9.4981,"lon":76.3388}]