{
  "hash": "95e73e1a",
  "configHash": "4f94d4ae",
  "lockfileHash": "05671d62",
  "browserHash": "de67daa8",
  "optimized": {
    "@angular/core": {
      "src": "../../../../../node_modules/@angular/core/fesm2022/core.mjs",
      "file": "@angular_core.js",
      "fileHash": "2e6887e5",
      "needsInterop": false
    },
    "@angular/platform-browser": {
      "src": "../../../../../node_modules/@angular/platform-browser/fesm2022/platform-browser.mjs",
      "file": "@angular_platform-browser.js",
      "fileHash": "65ce382e",
      "needsInterop": false
    },
    "@angular/common/http": {
      "src": "../../../../../node_modules/@angular/common/fesm2022/http.mjs",
      "file": "@angular_common_http.js",
      "fileHash": "344d373b",
      "needsInterop": false
    },
    "rxjs": {
      "src": "../../../../../node_modules/rxjs/dist/esm5/index.js",
      "file": "rxjs.js",
      "fileHash": "2d4920fe",
      "needsInterop": false
    }
  },
  "chunks": {
    "chunk-OFIB4HZO": {
      "file": "chunk-OFIB4HZO.js"
    },
    "chunk-WYYIVEMK": {
      "file": "chunk-WYYIVEMK.js"
    },
    "chunk-YTR4LZ5T": {
      "file": "chunk-YTR4LZ5T.js"
    }
  }
}